hour	ended	ops_per_s	p50_us	p99_us	p999_us	max_us	errors	resident	used_memory	ratio	threads	keys
1	2026-09-26T18:46:20Z	14474	2559	6271	184319	340354	0	2774761472	1468927384	1.89	5	1836830
2	2026-09-26T19:46:30Z	14433	2559	6399	184319	322246	0	2723627008	1464454840	1.86	5	1833187
3	2026-09-26T20:46:41Z	14485	2559	6399	184319	293950	0	2710781952	1461610000	1.85	5	1824788
4	2026-09-26T21:46:52Z	14561	2559	6399	176127	309358	0	2696364032	1459734144	1.85	5	1816688
5	2026-09-26T22:47:02Z	14497	2559	6527	180223	324047	0	2686140416	1456964568	1.84	5	1808138
6	2026-09-26T23:47:13Z	14641	2495	6399	180223	344116	0	2679844864	1454742576	1.84	5	1800358
7	2026-09-27T00:47:24Z	14671	2495	6527	176127	355561	0	2673557504	1452460536	1.84	5	1792040
8	2026-09-27T01:47:35Z	14825	2495	6399	176127	333279	0	2669625344	1451616928	1.84	5	1784741
9	2026-09-27T02:47:45Z	14818	2495	6271	176127	346169	0	2666475520	1447977840	1.84	5	1776195
10	2026-09-27T03:47:56Z	14759	2495	6271	176127	325088	0	2664116224	1444831008	1.84	5	1767613
11	2026-09-27T04:48:07Z	14750	2495	6399	176127	316845	0	2664902656	1441671488	1.85	5	1759109
12	2026-09-27T05:48:17Z	14569	2495	6399	180223	375132	0	2661494784	1438449320	1.85	5	1750531
13	2026-09-27T06:48:29Z	14266	2559	6527	184319	371678	0	2663329792	1434971008	1.86	5	1741742
14	2026-09-27T07:48:39Z	14467	2559	6399	180223	310537	0	2663067648	1431512448	1.86	5	1732931
15	2026-09-27T08:48:50Z	14315	2559	6527	184319	346850	0	2661756928	1428064680	1.86	5	1724169
16	2026-09-27T09:49:01Z	14499	2495	6399	184319	318304	0	2665164800	1424499984	1.87	5	1715361
17	2026-09-27T10:49:12Z	14283	2559	6527	180223	325509	0	2665426944	1420968048	1.88	5	1706602
18	2026-09-27T11:49:24Z	14407	2559	6399	180223	371219	0	2669359104	1417441688	1.88	5	1697911
19	2026-09-27T12:49:35Z	14582	2495	6399	180223	315475	0	2666213376	1414099168	1.89	5	1689731
20	2026-09-27T13:49:46Z	14473	2559	6527	176127	303974	0	2664902656	1410509344	1.89	5	1680935
21	2026-09-27T14:49:58Z	14184	2623	6527	184319	330803	0	2664902656	1406866520	1.89	5	1672303
22	2026-09-27T15:50:11Z	14456	2559	6527	176127	325776	0	2669621248	1403154424	1.90	5	1663393
23	2026-09-27T16:50:23Z	14577	2559	6527	176127	300155	0	2673291264	1399690152	1.91	5	1655025
24	2026-09-27T17:50:33Z	14310	2559	6399	184319	344919	0	2671718400	1396080568	1.91	5	1646500
done 2026-09-27T17:50:33Z
